adviescollege_id,document_id,categorie,link_type,review_oordeel,title,college_name,rank,shortlisted,rerank_score,status
2,stcrt-2020-49660,tijdelijk,canoniek,human_geaccepteerd,"Besluit van 31 augustus 2020, nr. 2020001703 tot instelling van het Adviescollege huis- en hobbydierenlijst (Besluit instelling Adviescollege huis- en hobbydierenlijst)",Adviescollege huis- en hobbydierenlijst,1,True,91.5,shortlisted
4,stcrt-2013-29769,eenmalig,canoniek,human_geaccepteerd,Regeling instelling commissie Evaluatie Politiewet 2012,Commissie Evaluatie Politiewet 2012,1,True,91.5,shortlisted
7,stcrt-2013-12547,eenmalig,canoniek,human_geaccepteerd,Instellingsbesluit Commissie onderzoek elektronisch stemmen in het stemlokaal,Commissie onderzoek elektronisch stemmen,1,True,103.5,shortlisted
9,stb-2021-576,permanent,canoniek,human_geaccepteerd,"Stb. 2021, 576 - Adviescollege Rechtspositie Politieke Ambtsdragers",Adviescollege Rechtspositie Politieke Ambtsdragers,1,True,113.8,shortlisted
10,stb-2013-382,permanent,canoniek,human_geaccepteerd,"Stb. 2013, 382 - Orgaan voor de Friese taal",Orgaan voor de Friese taal,7,True,62.3,shortlisted
12,stb-2021-165,permanent,canoniek,human_geaccepteerd,"Stb. 2021, 165 - Adviescollege Nederlandse Gebarentaal",Adviescollege Nederlandse Gebarentaal,2,True,68.0,shortlisted
13,stb-2023-164,permanent,canoniek,human_geaccepteerd,"Stb. 2023, 164 - Adviescollege Veiligheid Groningen",Adviescollege Veiligheid Groningen - permanent,,False,,missing_from_candidate_pool
13,stcrt-2019-69958,tijdelijk,canoniek,human_geaccepteerd,"Besluit van 17 december 2019, tot instelling van het Adviescollege Veiligheid Groningen",Adviescollege Veiligheid Groningen - permanent,44,False,36.835165,candidate_not_shortlisted
14,stb-1996-623,permanent,canoniek,human_geaccepteerd,"Stb. 1996, 623 - Kiesraad",Kiesraad,,False,,missing_from_candidate_pool
14,stb-2013-289,permanent,canoniek,human_geaccepteerd,"Wet van 3 juli 2013 tot wijziging van de Kieswet houdende maatregelen om het eenvoudiger te maken voor Nederlanders in het buitenland om hun stem uit te brengen, wijziging van de wijze van inlevering van de kandidatenlijsten, aanpassing van de datum van kandidaatstelling en stemming, alsmede regeling van andere onderwerpen",Kiesraad,5,True,72.7,shortlisted
15,stb-1996-623,permanent,canoniek,human_geaccepteerd,"Stb. 1996, 623 - Raad voor het Openbaar Bestuur",Raad voor het Openbaar Bestuur,,False,,missing_from_candidate_pool
16,stb-1998-219,permanent,canoniek,human_geaccepteerd,"Stb. 1998, 219 - Commissie van advies inzake volkenrechtelijke vraagstukken",Commissie van advies inzake volkenrechtelijke vraagstukken,1,True,94.602739,shortlisted
17,stb-1998-208,permanent,canoniek,human_geaccepteerd,"Stb. 1998, 208 - Staatscommissie voor het internationaal privaatrecht",Staatscommissie voor het internationaal privaatrecht,,False,,missing_from_candidate_pool
18,stb-1998-209,permanent,canoniek,human_geaccepteerd,"Stb. 1998, 209 - Adviesraad internationale vraagstukken",Adviesraad internationale vraagstukken,,False,,missing_from_candidate_pool
19,stb-2006-137,permanent,canoniek,human_geaccepteerd,"Stb. 2006, 137 - Raad van deskundigen voor de nationale meetstandaarden",Raad van deskundigen voor de nationale meetstandaarden,16,True,60.5,shortlisted
20,stb-2006-138,tijdelijk,canoniek,klopt,Instellingsbesluit Adviescollege toetsing administratieve lasten 2006,Adviescollege toetsing regeldruk - permanent,4,True,75.8,shortlisted
20,stb-2025-209,permanent,canoniek,human_geaccepteerd,"Wet van 18 juni 2025, houdende regels omtrent de instelling van het Adviescollege toetsing regeldruk (Instellingswet Adviescollege toetsing regeldruk)",Adviescollege toetsing regeldruk - permanent,,False,,missing_from_candidate_pool
21,stb-2012-35,permanent,canoniek,human_geaccepteerd,"Stb. 2012, 35 - Raad voor de leefomgeving en infrastructuur",Raad voor de leefomgeving en infrastructuur,2,True,95.8,shortlisted
22,stb-2018-299,permanent,canoniek,human_geaccepteerd,"Stb. 2018, 299 - Commissie insolventierecht",Commissie insolventierecht - permanent,,False,,missing_from_candidate_pool
23,stb-2011-573,permanent,canoniek,human_geaccepteerd,"Stb. 2011, 573 - College voor de Rechten van de Mens",College voor de Rechten van de Mens,1,True,89.8,shortlisted
24,stb-2000-495,permanent,canoniek,human_geaccepteerd,"Stb. 2000, 495 - Adviesraad Migratie",Adviesraad Migratie,,False,,missing_from_candidate_pool
25,stb-2018-144,permanent,canoniek,human_geaccepteerd,"Stb. 2018, 144 - Autoriteit Persoonsgegevens",Autoriteit Persoonsgegevens,9,True,58.7,shortlisted
26,stb-1997-323,permanent,canoniek,human_geaccepteerd,"Stb. 1997, 323 - Gecombineerde Commissie Vennootschapsrecht",Gecombineerde Commissie Vennootschapsrecht,,False,,missing_from_candidate_pool
27,stb-1997-323,permanent,canoniek,human_geaccepteerd,"Stb. 1997, 323 - Adviescommissie voor burgerlijk procesrecht",Adviescommissie voor burgerlijk procesrecht,,False,,missing_from_candidate_pool
28,stb-2007-215,permanent,canoniek,human_geaccepteerd,"Stb. 2007, 215 - Commissie auteursrecht",commissie auteursrecht - permanent,2,True,70.1,shortlisted
28,stcrt-2006-235-p7-SC77824,tijdelijk,canoniek,human_geaccepteerd,Instellingsbesluit commissie auteursrecht 2006,commissie auteursrecht - permanent,1,True,82.0,shortlisted
29,stb-2014-194,permanent,canoniek,human_geaccepteerd,"Stb. 2014, 194 - Adviesraad voor wetenschap, technologie en innovatie","Adviesraad voor wetenschap, technologie en innovatie",1,True,112.6,shortlisted
30,stb-1997-220,permanent,canoniek,human_geaccepteerd,"Stb. 1997, 220 - Onderwijsraad",Onderwijsraad,,False,,missing_from_candidate_pool
31,stb-1996-577,permanent,canoniek,human_geaccepteerd,Wet op het specifiek cultuurbeleid,Raad voor Cultuur,,False,,missing_from_candidate_pool
32,stb-2008-487,permanent,canoniek,human_geaccepteerd,Wet van 13 november 2008 tot wijziging van de Gezondheidswet in verband met de integratie van de RGO in de Gezondheidsraad en enige andere wijzigingen met betrekking tot de Gezondheidsraad,Gezondheidsraad,5,True,63.4,shortlisted
33,stb-2022-390,permanent,canoniek,human_geaccepteerd,"Stb. 2022, 390 - Nederlandse Sportraad",Nederlandse Sportraad - permanent,1,True,72.290323,shortlisted
33,stcrt-2022-8400,tijdelijk,canoniek,human_geaccepteerd,"Besluit van de Minister voor Langdurige Zorg en Sport van 22 maart 2022, kenmerk 3338260-1026393-WJZ, houdende instelling van de Nederlandse Sportraad als tijdelijk adviescollege",Nederlandse Sportraad - permanent,10,False,19.0,candidate_not_shortlisted
34,stb-2014-469,permanent,canoniek,human_geaccepteerd,"Stb. 2014, 469 - Raad voor Volksgezondheid en Samenleving",Raad voor Volksgezondheid en Samenleving,1,True,154.6,shortlisted
35,stcrt-2009-10354,eenmalig,canoniek,human_geaccepteerd,"Stcrt. 2009, 10354 - Staatscommissie Grondwet",Staatscommissie Grondwet,1,True,109.5,shortlisted
36,stcrt-2012-19264,eenmalig,canoniek,human_geaccepteerd,Regeling instelling Commissie kaderstelling en toezicht woningcorporaties,"Commissie kaderstelling en toezicht
woningcorporaties",2,True,97.5,shortlisted
37,stcrt-2012-10848,eenmalig,canoniek,human_geaccepteerd,"Stcrt. 2012, 10848 - Evaluatiecommissie Wet veiligheidsregios en het stelsel van rampenbestrijding en crisisbeheersing","Evaluatiecommissie Wet veiligheidsregio’s en
het stelsel van rampenbestrijding en
crisisbeheersing",1,True,73.5,shortlisted
38,stcrt-2012-22846,eenmalig,canoniek,human_geaccepteerd,Instellingsbesluit Commissie Structuur Nederlandse Banken,Commissie Structuur Nederlandse Banken,,False,,no_candidates_for_phase
39,stcrt-2014-10221,eenmalig,canoniek,human_geaccepteerd,"Stcrt. 2014, 10221 - Commissie verzekeraars",Commissie verzekeraars,1,True,91.5,shortlisted
40,stcrt-2014-12556,eenmalig,canoniek,human_geaccepteerd,"Stcrt. 2014, 12556 - Staatscommissie herijking ouderschap",Staatscommissie herijking ouderschap,1,True,91.5,shortlisted
41,stcrt-2014-25436,eenmalig,canoniek,human_geaccepteerd,"Stcrt. 2014, 25436 - Commissie van wijzen inzake hulp bij zelfdoding aan mensen die hun leven voltooid achten","Commissie van wijzen inzake hulp bij zelfdoding
aan mensen die hun leven voltooid achten",1,True,115.5,shortlisted
42,stcrt-2015-10783,eenmalig,canoniek,human_geaccepteerd,"Stcrt. 2015, 10783 - Platform Onderwijs 2032",Platform Onderwijs 2032,1,True,115.5,shortlisted
43,stcrt-2015-4919,eenmalig,canoniek,human_geaccepteerd,Instellingsregeling Commissie onderzoek oorzaken kostenstijgingen stelsel gesubsidieerde rechtsbijstand en vernieuwing van het stelsel,"Commissie onderzoek oorzaken kostenstijgingen stelsel gesubsidieerde
rechtsbijstand en vernieuwing van het stelsel",1,True,103.5,shortlisted
44,stcrt-2015-16692,eenmalig,canoniek,human_geaccepteerd,"Regeling van de Staatssecretaris van Infrastructuur en Milieu en de Minister voor Wonen en Rijksdienst van 15 april 2015 nr. IENM/BSK-2015/42124, houdende instelling van de Adviescommissie Onderzoek arbeidsvoorwaarden en FLNA LVNL (Regeling instelling Adviescommissie Onderzoek arbeidsvoorwaarden en FLNA LVNL)",Adviescommissie onderzoek arbeidsvoorwaarden en FLNA LVNL,,False,,no_candidates_for_phase
45,stcrt-2015-15848,eenmalig,canoniek,human_geaccepteerd,Regeling instelling Commissie Omgaan met risico's van geinduceerde aardbevingen,Commissie Omgaan met risico’s van geïnduceerde aardbevingen,,False,,no_candidates_for_phase
46,stcrt-2015-47139,eenmalig,canoniek,human_geaccepteerd,Instellingsregeling Commissie rechtseenheid bestuursrecht,Commissie rechtseenheid bestuursrecht,,False,,no_candidates_for_phase
47,stcrt-2016-5624,eenmalig,canoniek,human_geaccepteerd,"Regeling van de Minister van Veiligheid en Justitie en de Minister voor Wonen en Rijksdienst van 29 januari 2016, nr. 717761, houdende instelling van de commissie Evaluatie Wet herziening gerechtelijke kaart",Commissie Evaluatie Wet herziening gerechtelijke kaart,1,True,115.5,shortlisted
48,stcrt-2016-48283,eenmalig,canoniek,human_geaccepteerd,Regeling instelling Commissie Evaluatie puntentoekenning gesubsidieerde rechtsbijstand,Commissie evaluatie puntentoekenning gesubsidieerde rechtsbijstand - I,1,True,95.5,shortlisted
49,stcrt-2016-58657,eenmalig,canoniek,human_geaccepteerd,"Regeling van de Minister van Sociale Zaken en Werkgelegenheid, de Staatssecretaris van Onderwijs, Cultuur en Wetenschap en de Minister voor Wonen en Rijksdienst van 15 september 2016, 2016-0000210037, tot instelling van een Taskforce Samenwerking Onderwijs en Kinderopvang (Instellingsregeling Taskforce Samenwerking Onderwijs en Kinderopvang).",Taskforce Samenwerking Onderwijs en Kinderopvang,1,True,97.5,shortlisted
49,stcrt-2017-6240,eenmalig,canoniek,human_geaccepteerd,"Stcrt. 2017, 6240 - Taskforce Samenwerking Onderwijs en Kinderopvang",Taskforce Samenwerking Onderwijs en Kinderopvang,2,True,97.5,shortlisted
50,stcrt-2017-3684,eenmalig,canoniek,human_geaccepteerd,"Regeling van de Minister van Veiligheid en Justitie en de Minister voor Wonen en Rijksdienst van 6 januari 2017, nummer 2029595 houdende instelling van de taskforce lijkschouw en gerechtelijke sectie (Instellingsregeling taskforce lijkschouw en gerechtelijke sectie)",taskforce lijkschouw en gerechtelijke sectie,1,True,115.5,shortlisted
51,stcrt-2017-6895,eenmalig,canoniek,human_geaccepteerd,"Stcrt. 2017, 6895 - Staatscommissie parlementair stelsel",Staatscommissie parlementair stelsel,1,True,115.5,shortlisted
52,stcrt-2017-30719,eenmalig,canoniek,human_geaccepteerd,"Regeling van de Staatssecretaris van Economische Zaken en de Minister van Binnenlandse Zaken en Koninkrijksrelaties van 20 mei 2017, nr. WJZ/17066875, houdende instelling van de Commissie knelgevallen fosfaatrechten (Instellingsregeling Commissie knelgevallen fosfaatrechten)",Commissie knelgevallen fosfaatrechten,,False,,no_candidates_for_phase
53,stcrt-2017-24957,eenmalig,canoniek,human_geaccepteerd,"Stcrt. 2017, 24957 - Evaluatie- en adviescommissie Wet financiering politieke partijen",Evaluatie- en adviescommissie Wet financiering politieke partijen,1,True,103.5,shortlisted
54,stcrt-2019-9594,eenmalig,canoniek,human_geaccepteerd,Instellingsregeling Commissie herijking tarieven ambtshandelingen gerechtsdeurwaarders 2019,"Commissie herijking tarieven ambtshandelingen
gerechtsdeurwaarders 2019",1,True,115.5,shortlisted
55,stcrt-2018-11571,eenmalig,canoniek,human_geaccepteerd,Regeling instelling Adviescommissie experiment gesloten coffeeshopketen,Adviescommissie experiment gesloten coffeeshopketen,,False,,no_candidates_for_phase
56,stcrt-2018-39464,eenmalig,canoniek,human_geaccepteerd,Regeling instelling Commissie herziening wetgeving ambtsdelicten Kamerleden en bewindspersonen,Commissie herziening wetgeving ambtsdelicten Kamerleden en bewindspersonen,1,True,109.5,shortlisted
57,stcrt-2018-58299,eenmalig,canoniek,human_geaccepteerd,"Stcrt. 2018, 58299 - Onderzoekscommissie Langdurig verblijvende vreemdelingen zonder bestendig verblijfsrecht",Onderzoekscommissie Langdurig verblijvende vreemdelingen zonder bestendig verblijfsrecht,1,True,115.5,shortlisted
58,stcrt-2018-58771,eenmalig,canoniek,human_geaccepteerd,Regeling instelling Adviescommissie bekostiging hoger onderwijs en onderzoek,Adviescommissie bekostiging hoger onderwijs en onderzoek,1,True,115.5,shortlisted
59,stcrt-2018-64352,eenmalig,canoniek,human_geaccepteerd,Instellingsregeling Commissie regulering van werk,Commissie regulering van werk,1,True,103.5,shortlisted
60,stcrt-2018-65546,eenmalig,canoniek,human_geaccepteerd,Instellingsbesluit Commissie Toekomst zorg thuiswonende ouderen,adviescommissie Toekomst zorg thuiswonende ouderen,1,True,90.0,shortlisted
61,stcrt-2018-73427,eenmalig,canoniek,human_geaccepteerd,Regeling instelling Commissie kinderopvang en vaccinatie,Commissie kinderopvang en vaccinatie,1,True,97.5,shortlisted
62,stcrt-2019-105,eenmalig,canoniek,human_geaccepteerd,Instellingsbesluit Commissie Toekomst Accountancy,Commissie toekomst accountancysector,1,True,97.5,shortlisted
63,stcrt-2019-10955,eenmalig,canoniek,human_geaccepteerd,Regeling instelling Commissie onderzoek faillissementen ziekenhuizen,Commissie onderzoek faillissementen ziekenhuizen,1,True,115.5,shortlisted
64,stcrt-2019-35929,eenmalig,canoniek,human_geaccepteerd,"Stcrt. 2019, 35929 - Vergemakkelijking Schadeverhaal Beroepsziekten",Commissie vergemakkelijking schadeafhandeling beroepsziekten,1,True,103.5,shortlisted
65,stcrt-2019-38951,eenmalig,canoniek,human_geaccepteerd,Regeling instelling Commissie evaluatie Wet veiligheidsregio's,Commissie evaluatie Wet veiligheidsregio’s,1,True,115.5,shortlisted
66,stcrt-2019-40120,eenmalig,canoniek,human_geaccepteerd,Instellingsbesluit Adviescollege stikstofproblematiek,Adviescollege Stikstofproblematiek,,False,,no_candidates_for_phase
67,stcrt-2019-56982,eenmalig,canoniek,human_geaccepteerd,"Stcrt. 2019, 56982 - Taskforce infrastructuur klimaatakkoord industrie",Taskforce infrastructuur klimaatakkoord industrie,1,True,91.5,shortlisted
68,stcrt-2020-10878,eenmalig,canoniek,human_geaccepteerd,"Besluit van de Minister van Onderwijs, Cultuur en Wetenschap, de Minister voor Basis- en Voortgezet Onderwijs en Media en de Minister van Binnenlandse Zaken en Koninkrijksrelaties van 12 november 2019, nr. 16682587, houdende instelling van een commissie tot advisering inzake een nieuwe bevoegdhedenstructuur in het onderwijs (Instellingsbesluit Commissie onderwijsbevoegdheden)",Commissie onderwijsbevoegdheden,1,True,115.5,shortlisted
69,stcrt-2019-69748,eenmalig,canoniek,human_geaccepteerd,Instellingsbesluit Adviescollege Meten en Berekenen Stikstof,Adviescollege Meten en Berekenen Stikstof,1,True,103.5,shortlisted
70,stcrt-2020-14659,eenmalig,canoniek,ai_geaccepteerd,"Regeling van de Minister van Infrastructuur en Waterstaat en de Minister van Binnenlandse Zaken en Koninkrijksrelaties, van 6 maart 2020, nr. IENW/BSK-2020/9604, houdende instelling van de Adviescommissie geborgde zetels bij waterschapsbesturen (Regeling instelling Adviescommissie geborgde zetels bij waterschapsbesturen)","Adviescollege geborgde zetels bij
waterschapsbesturen",1,True,77.5,shortlisted
71,stb-2020-283,tijdelijk,canoniek,human_geaccepteerd,"Stb. 2020, 283 - Bestuurlijke Adviesraad Kinderopvangtoeslag",Bestuurlijke Adviesraad Kinderopvangtoeslag,1,True,91.5,shortlisted
72,stcrt-2020-19074,eenmalig,canoniek,human_geaccepteerd,Regeling instelling Adviescollege verdeling frequentieruimte commerci?le radio,"Adviescollege verdeling frequentieruimte
commerciële radio",1,True,91.5,shortlisted
73,stcrt-2020-31232,eenmalig,canoniek,human_geaccepteerd,Regeling instelling adviescollege onderzoek stelsel schadevergoeding voor slachtoffers van strafbare feiten,"Adviescollege onderzoek stelsel schadevergoeding
voor slachtoffers van strafbare feiten",1,True,97.5,shortlisted
74,stcrt-2020-38358,eenmalig,canoniek,human_geaccepteerd,Regeling instelling Adviescollege dialooggroep slavernijverleden,Adviescollege dialooggroep slavernijverleden,1,True,91.5,shortlisted
75,stcrt-2020-39689,eenmalig,canoniek,human_geaccepteerd,"Stcrt. 2020, 39689 - Curriculumcommissie",Curriculumcommissie,1,True,103.5,shortlisted
76,stcrt-2020-56082,eenmalig,canoniek,human_geaccepteerd,Regeling instelling Adviescollege hand aan de kraan-principe Waddenzee,Adviescollege ‘hand aan de kraan’-principe Waddenzee,1,True,103.5,shortlisted
77,stcrt-2021-11844,eenmalig,canoniek,human_geaccepteerd,Instellingsbesluit Commissie doorstroomvennootschappen,Commissie doorstroomvennootschappen,1,True,85.5,shortlisted
78,stcrt-2021-25135,eenmalig,canoniek,human_geaccepteerd,Regeling instelling adviescollege toekomstbestendig stelsel bewaken en beveiligen,"Adviescollege toekomstbestendig stelsel bewaken en
beveiligen",1,True,103.5,shortlisted
80,stcrt-2022-11349,eenmalig,canoniek,human_geaccepteerd,"Stcrt. 2022, 11349 - Staatscommissie tegen Discriminatie en Racisme",staatscommissie tegen discriminatie en racisme,,False,,no_candidates_for_phase
81,stcrt-2022-19229,eenmalig,canoniek,human_geaccepteerd,Regeling instelling Adviescommissie versterken weerbaarheid democratische rechtsorde,"Adviescommissie Versterken weerbaarheid democratische
rechtsorde",1,True,103.5,shortlisted
82,stcrt-2022-22818,eenmalig,canoniek,human_geaccepteerd,"Stcrt. 2022, 22818 - Staatscommissie Demografische ontwikkelingen 2050",Staatscommissie demografische ontwikkelingen 2050,1,True,97.5,shortlisted
83,stcrt-2022-26193,eenmalig,canoniek,human_geaccepteerd,Regeling instelling Adviescollege toelatings- en verantwoordingscriteria landelijke publieke omroep,Adviescollege toelatings- en verantwoordingscriteria landelijke publieke omroep,1,True,91.5,shortlisted
84,stb-2022-423,tijdelijk,canoniek,human_geaccepteerd,"Stb. 2022, 423 - Wetenschappelijke Klimaatraad",Wetenschappelijke Klimaatraad - tijdelijk,1,True,82.0,shortlisted
85,stcrt-2022-31931,eenmalig,canoniek,human_geaccepteerd,"Stcrt. 2022, 31931 - Onafhankelijke commissie toekomst arbeidsongeschiktheidsstelsel (OCTAS)","Onafhankelĳke commissie toekomst
arbeidsongeschiktheidsstelsel (OCTAS)",1,True,43.5625,shortlisted
86,stcrt-2023-7635,eenmalig,canoniek,human_geaccepteerd,"Stcrt. 2023, 7635 - Staatscommissie Rechtsstaat",Staatscommissie Rechtsstaat,1,True,115.5,shortlisted
87,stcrt-2023-11158,eenmalig,canoniek,human_geaccepteerd,"Besluit van 24 maart 2023, nr. 2023000802, houdende de instelling van een Staatscommissie MDMA (Instellingsbesluit Staatscommissie MDMA)",Staatscommissie MDMA,1,True,91.5,shortlisted
88,stcrt-2005-98-p11-SC70064,eenmalig,canoniek,human_geaccepteerd,Regeling Commissie advocatuur,Commissie advocatuur,1,True,60.0,shortlisted
89,stcrt-2005-251-p15-SC73109,eenmalig,canoniek,human_geaccepteerd,Instellingsbesluit Nationale conventie,Nationale conventie,1,True,103.5,shortlisted
90,stcrt-2006-137-p10-SC75983,eenmalig,canoniek,human_geaccepteerd,Instellingsbesluit Commissie Evaluatie Awb III,Commissie Evaluatie Awb III,1,True,61.5,shortlisted
92,stcrt-2007-77-p8-SC80123,eenmalig,canoniek,human_geaccepteerd,Instellingsbesluit Adviescommissie inrichting verkiezingsproces,Adviescommissie inrichting verkiezingsproces,1,True,103.5,shortlisted
93,stcrt-2007-128-p17-SC81201,eenmalig,canoniek,human_geaccepteerd,Instellingsbesluit Commissie Uitdragen kernwaarden van de rechtsstaat,Commissie Uitdragen kernwaarden van de rechtsstaat,1,True,109.5,shortlisted
94,stcrt-2007-179-p18-SC82142,eenmalig,canoniek,human_geaccepteerd,Instellingsbesluit commissie duurzame kustontwikkeling,commissie duurzame kustontwikkeling,1,True,90.0,shortlisted
95,stcrt-2007-193-p6-SC82383,eenmalig,canoniek,human_geaccepteerd,Regeling instelling Commissie lesbisch ouderschap en interlandelijke adoptie,Commissie lesbisch ouderschap en interlandelijke adoptie,1,True,90.826087,shortlisted
96,stcrt-2007-244-p9-SC83467,eenmalig,canoniek,human_geaccepteerd,Instellingsbesluit adviescommissie Veiligheid en persoonlijke levenssfeer,Adviescommissie ‘Veiligheid en persoonlijke levenssfeer’,1,True,103.5,shortlisted
97,stcrt-2008-31-p14-SC84507,eenmalig,canoniek,human_geaccepteerd,Regeling instelling commissie fundamentele herbezinning Wsw,commissie fundamentele herbezinning Wsw,1,True,97.5,shortlisted
98,stcrt-2008-69-p11-SC85219,eenmalig,canoniek,human_geaccepteerd,Instellingsregeling Taskforce (her)ontwikkeling bedrijventerreinen,Taskforce (her)ontwikkeling bedrijventerreinen,1,True,115.5,shortlisted
99,stcrt-2008-75-p8-SC85362,eenmalig,canoniek,human_geaccepteerd,"Stcrt. 2008, 75 - klankbordgroep Verkenningen naar de toekomst van de krijgsmacht",klankbordgroep ‘Verkenningen naar de toekomst van de krijgsmacht’,1,True,78.0,shortlisted
100,stcrt-2008-127-p12-SC86460,eenmalig,canoniek,human_geaccepteerd,Regeling instelling Commissie medisch-wetenschappelijk onderzoek met minderjarigen,Commissie medisch-wetenschappelijk onderzoek met minderjarigen,1,True,90.945206,shortlisted
101,stcrt-2008-137-p8-SC86687,eenmalig,canoniek,human_geaccepteerd,"Stcrt. 2008, 137, p. 8 - tijdelijke adviescommissie beloning en rechtspositie ambtsdragers",tijdelijke adviescommissie beloning en rechtspositie politieke ambtsdragers,1,True,84.0,shortlisted
102,stcrt-2009-3175,eenmalig,canoniek,human_geaccepteerd,Instellingsbesluit Adviescommissie Drugsbeleid,Adviescommissie Drugsbeleid,1,True,91.5,shortlisted
103,stcrt-2009-10354,eenmalig,canoniek,human_geaccepteerd,"Stcrt. 2009, 10354 - staatscommissie voor de herziening van de Grondwet",staatscommissie voor de herziening van de Grondwet,1,True,109.5,shortlisted
106,stcrt-2012-13394,eenmalig,canoniek,human_geaccepteerd,"Stcrt. 2012, 13394 - Review Board Aanvalsprogramma Informatievoorziening Politie",Review Board Aanvalsprogramma Informatievoorziening Politie - eenmalig,1,True,82.0,shortlisted
107,stcrt-2013-4096,eenmalig,canoniek,human_geaccepteerd,"Stcrt. 2013, 4096 - Evaluatiecommissie Wet op de inlichtingen- en veiligheidsdiensten 2002",Evaluatiecommissie Wet op de inlichtingen- en veiligheidsdiensten 2002,1,True,85.5,shortlisted
108,stcrt-2013-12547,eenmalig,canoniek,human_geaccepteerd,Instellingsbesluit Commissie onderzoek elektronisch stemmen in het stemlokaal,Commissie onderzoek elektronisch stemmen in het stemlokaal,,False,,no_candidates_for_phase
110,stcrt-2013-29769,eenmalig,canoniek,human_geaccepteerd,"Stcrt. 2013, 29769 - Evaluatiecommissie Politiewet 2012",commissie Evaluatie Politiewet 2012,1,True,91.5,shortlisted
111,stcrt-2015-47139,eenmalig,canoniek,human_geaccepteerd,"Stcrt. 2015, 47139 - eenmalige commissie van deskundigen met betrekking tot de rechtseenheid in het bestuursrecht",eenmalige commissie van deskundigen met betrekking tot de rechtseenheid in het bestuursrecht,1,True,115.5,shortlisted
112,stcrt-2013-1260,tijdelijk,canoniek,human_geaccepteerd,"Stcrt. 2013, 1260 - Review Board Aanvalsprogramma Informatievoorziening Politie",Review Board Aanvalsprogramma Informatievoorziening Politie - tijdelijk,1,True,82.0,shortlisted
113,stb-2008-369,tijdelijk,canoniek,human_geaccepteerd,"Besluit van 18 augustus 2008, houdende instelling van de evaluatie- en adviescommissie passend onderwijs",Evaluatie- en adviescommissie Passend onderwijs,1,True,103.5,shortlisted
114,stb-2008-36,tijdelijk,canoniek,human_geaccepteerd,"Stb. 2008, 36 - Adviescollege burgerluchtvaart-veiligheid DEGAS",Adviescollege burgerluchtvaartveiligheid,1,True,88.5,shortlisted
115,stcrt-2012-19264,eenmalig,canoniek,human_geaccepteerd,"Regeling van de Minister van Binnenlandse Zaken en Koninkrijksrelaties van 11 september 2012, nr. 2012-0000525525 houdende instelling van de Commissie kaderstelling en toezicht woningcorporaties (Regeling instelling Commissie kaderstelling en toezicht woningcorporaties)",Commissie onderzoek kaderstelling en toezicht woningcorporaties,2,True,96.0,shortlisted
116,stcrt-2012-10848,eenmalig,canoniek,human_geaccepteerd,"Stcrt. 2012, 10848 - Evaluatiecommissie Wet veiligheidsregios en het stelsel van rampenbestrijding en crisisbeheersing",Evaluatiecommissie Wet veiligheidsregio’s en het stelsel van rampenbestrijding en crisisbeheersing,1,True,73.5,shortlisted
117,stcrt-2014-25436,eenmalig,canoniek,human_geaccepteerd,"Regeling van de Ministers van Volksgezondheid, Welzijn en Sport, van Veiligheid en Justitie en voor Wonen en Rijksdienst van 15 juli 2014, nr. 476661-122361-PG, houdende instelling van de Commissie van wijzen inzake hulp bij zelfdoding aan personen die hun leven voltooid achten (Instellingsregeling Commissie van wijzen inzake hulp bij zelfdoding aan mensen die hun leven voltooid achten)",Commissie van wijzen inzake hulp bij zelfdoding aan mensen die hun leven voltooid achten,1,True,115.5,shortlisted
118,stcrt-2015-4919,eenmalig,canoniek,human_geaccepteerd,"Regeling van de Staatssecretaris van Veiligheid en Justitie en de Minister voor Wonen en Rijksdienst van 13 februari 2015, nr. 616510, houdende instelling van de Commissie onderzoek oorzaken kostenstijgingen stelsel gesubsidieerde rechtsbijstand en vernieuwing van het stelsel",Commissie onderzoek oorzaken kostenstijgingen stelsel gesubsidieerde rechtsbijstand en vernieuwing van het stelsel,1,True,103.5,shortlisted
119,stcrt-2019-9594,eenmalig,canoniek,human_geaccepteerd,Instellingsregeling Commissie herijking tarieven ambtshandelingen gerechtsdeurwaarders 2019,Commissie herijking tarieven ambtshandelingen gerechtsdeurwaarders - III,3,True,78.28866,shortlisted
120,stcrt-2018-58299,eenmalig,canoniek,human_geaccepteerd,"Stcrt. 2018, 58299 - Onderzoekscommissie Langdurig verblijvende vreemdelingen zonder bestendig verblijfsrecht",Onderzoekscommissie Langdurig verblijvende vreemdelingen zonder bestendig verblijfsrecht,1,True,115.5,shortlisted
121,stcrt-2020-14659,eenmalig,canoniek,human_geaccepteerd,Regeling instelling Adviescommissie geborgde zetels bij waterschapsbesturen,Adviescommissie geborgde zetels bij waterschapsbesturen,1,True,97.5,shortlisted
122,stcrt-2020-19074,eenmalig,canoniek,human_geaccepteerd,Regeling instelling Adviescollege verdeling frequentieruimte commerci?le radio,Adviescollege verdeling frequentieruimte commerciële radio,1,True,91.5,shortlisted
123,stcrt-2020-31232,eenmalig,canoniek,human_geaccepteerd,Regeling instelling adviescollege onderzoek stelsel schadevergoeding voor slachtoffers van strafbare feiten,Adviescollege onderzoek stelsel schadevergoeding voor slachtoffers van strafbare feiten,1,True,97.5,shortlisted
124,stcrt-2021-25135,eenmalig,canoniek,human_geaccepteerd,Regeling instelling adviescollege toekomstbestendig stelsel bewaken en beveiligen,Adviescollege toekomstbestendig stelsel bewaken en beveiligen,1,True,103.5,shortlisted
125,stcrt-2022-19229,eenmalig,canoniek,human_geaccepteerd,Regeling instelling Adviescommissie versterken weerbaarheid democratische rechtsorde,Adviescommissie Versterken weerbaarheid democratische rechtsorde,1,True,103.5,shortlisted
126,stcrt-2022-31931,eenmalig,canoniek,human_geaccepteerd,"Stcrt. 2022, 31931 - Onafhankelijke commissie toekomst arbeidsongeschiktheidsstelsel (OCTAS)",Onafhankelijke Commissie Toekomst Arbeidsongeschiktheidsstelsel,1,True,79.5,shortlisted
128,stcrt-2023-11212,eenmalig,canoniek,human_geaccepteerd,Regeling instelling adviescollege inzake de werking van artikel 57 van de Grondwet,Adviescollege inzake de werking van artikel 57 van de Grondwet,1,True,97.5,shortlisted
129,stb-1997-106,permanent,canoniek,human_geaccepteerd,"Stb. 1997, 106 - Raad voor de financiële verhoudingen",Raad voor de financiële verhoudingen,,False,,missing_from_candidate_pool
130,stb-1996-542,permanent,canoniek,human_geaccepteerd,"Stb. 1996, 542 - Algemene Energieraad",Algemene Energieraad,1,True,94.5,shortlisted
131,stb-1996-539,permanent,canoniek,human_geaccepteerd,"Stb. 1996, 539 - Raad voor het Landelijk Gebied",Raad voor het Landelijk Gebied,,False,,missing_from_candidate_pool
132,stb-1998-402,permanent,canoniek,human_geaccepteerd,"Stb. 1998, 402 - Commissie bedreigde uitheemse dier- en plantensoorten",Commissie bedreigde uitheemse dier- en plantensoorten,,False,,missing_from_candidate_pool
133,stb-1996-551,permanent,canoniek,human_geaccepteerd,"Staatsblad 1996, 551 - VROM-raad",VROM-raad,2,True,94.5,shortlisted
134,stb-2002-554,permanent,canoniek,human_geaccepteerd,"Stb. 2002, 554 - Wet op de Raad voor de Wadden",Raad voor de Wadden,4,True,88.5,shortlisted
135,stb-2003-92,permanent,canoniek,human_geaccepteerd,"Stb. 2003, 92 - Adviesraad gevaarlijke stoffen",Adviesraad gevaarlijke stoffen,3,True,70.5,shortlisted
136,stb-1992-146,permanent,canoniek,human_geaccepteerd,"Stb. 1992, 146 - Raad voor verkeer en waterstaat",Raad voor verkeer en waterstaat,4,True,70.5,shortlisted
137,stb-2009-490,permanent,canoniek,human_geaccepteerd,"Stb. 2009, 490 - Waterwet, art. 10.3 Commissie van advies inzake de waterstaatswetgeving",Commissie van advies inzake de waterstaatswetgeving - permanent,,False,,missing_from_candidate_pool
138,stb-1997-103,permanent,canoniek,human_geaccepteerd,"Stb. 1997, 103 - Raad voor Maatschappelijke Ontwikkeling",Raad voor Maatschappelijke Ontwikkeling,2,True,94.5,shortlisted
139,stb-1997-102,permanent,canoniek,human_geaccepteerd,"Stb. 1997, 102 - Raad voor de Volksgezondheid en Zorg",Raad voor de Volksgezondheid en Zorg,2,True,94.5,shortlisted
140,stcrt-2009-17046,eenmalig,canoniek,human_geaccepteerd,Regeling instelling adviescommissie kansspelen via internet,Adviescommissie kansspelen via internet,1,True,115.5,shortlisted
141,stcrt-2021-23273,eenmalig,canoniek,human_geaccepteerd,Instellingsbesluit adviescommissie Onverplichte tegemoetkoming ouderen van Surinaamse herkomst,Adviescommissie Onverplichte tegemoetkoming ouderen van Surinaamse herkomst,,False,,no_candidates_for_phase
142,stcrt-2023-8149,eenmalig,canoniek,human_geaccepteerd,Regeling instelling adviescommissie rechtsbescherming en rechtsstatelijkheid in het Toekomstscenario Kind- en Gezinsbescherming,Adviescommissie rechtsbescherming en rechtsstatelijkheid in het Toekomstscenario Kind- en Gezinsbescherming,1,True,103.5,shortlisted
143,stcrt-2017-30516,eenmalig,canoniek,human_geaccepteerd,"Regeling van de Minister van Veiligheid en Justitie en de Minister van Binnenlandse Zaken en Koninkrijksrelaties van 23 mei 2017, nr. 2070235 houdende instelling van de Commissie herijking tarieven ambtshandelingen gerechtsdeurwaarders (Instellingsregeling Commissie herijking tarieven ambtshandelingen gerechtsdeurwaarders)",Commissie herijking tarieven ambtshandelingen gerechtsdeurwaarders - I,3,True,95.5,shortlisted
144,stcrt-2024-18302,eenmalig,canoniek,human_geaccepteerd,"Besluit van 16 mei 2024, houdende de instelling van de staatscommissie demografische ontwikkelingen ten behoeve van de advisering over de demografische ontwikkelingen op Caribisch Nederland 2050 (Instellingsbesluit staatscommissie demografische ontwikkelingen Caribisch Nederland 2050)",staatscommissie voor demografische ontwikkelingen Caribisch Nederland 2050,1,True,103.5,shortlisted
145,stcrt-2005-82-p9-SC69695,eenmalig,canoniek,human_geaccepteerd,Instellingsbesluit Stuurgroep evaluatie politieorganisatie,Stuurgroep Evaluatie Politieorganisatie,,False,,no_candidates_for_phase
146,stb-2015-140,permanent,canoniek,human_geaccepteerd,Wet van 1 april 2015 tot vaststelling van een nieuwe Instellingswet Raad voor strafrechtstoepassing en jeugdbescherming (Instellingswet Raad voor strafrechtstoepassing en jeugdbescherming 2015),Raad voor strafrechtstoepassing en jeugdbescherming,1,True,110.2,shortlisted
147,stcrt-2020-9139,eenmalig,canoniek,human_geaccepteerd,"Regeling van de Minister voor Milieu en Wonen en de Minister van Binnenlandse Zaken en Koninkrijksrelaties, van 10 februari 2020, nr. IENW/BSK-2020/5739, houdende instelling van de PFAS-taskforce",PFAS-taskforce,1,True,103.5,shortlisted
148,stcrt-2024-4375,eenmalig,canoniek,human_geaccepteerd,"Besluit van de Minister voor Rechtsbescherming en de Staatssecretaris van Binnenlandse Zaken en Koninkrijksrelaties van 30 januari 2024, nr. 5076899, houdende de instelling van de Commissie Evaluatie puntentoekenning gesubsidieerde rechtsbijstand II (Instellingsbesluit Commissie Evaluatie puntentoekenning gesubsidieerde rechtsbijstand II)",Commissie Evaluatie puntentoekenning gesubsidieerde rechtsbijstand - II,2,True,77.5,shortlisted
149,stcrt-2020-21256,eenmalig,canoniek,human_geaccepteerd,"Regeling van 17 april 2020, nr. 2020-0000196081, tot instelling van de Evaluatiecommissie Wet op de inlichtingen- en veiligheidsdiensten 2017 (Regeling instelling Evaluatiecommissie Wiv 2017)",Evaluatiecommissie Wet op de inlichtingen- en veiligheidsdiensten 2017,,False,,no_candidates_for_phase
150,stcrt-2017-29814,tijdelijk,canoniek,human_geaccepteerd,"Besluit van 17 mei 2017, nr. 2017000809, houdende instelling van het Adviescollege toetsing regeldruk",Adviescollege toetsing regeldruk - tijdelijk,,False,,missing_from_candidate_pool
151,stcrt-2019-69958,tijdelijk,canoniek,human_geaccepteerd,"Besluit van 17 december 2019, tot instelling van het Adviescollege Veiligheid Groningen",Adviescollege Veiligheid Groningen - tijdelijk,1,True,52.333334,shortlisted
152,stcrt-2006-235-p7-SC77824,tijdelijk,canoniek,human_geaccepteerd,Instellingsbesluit commissie auteursrecht 2006,commissie auteursrecht - tijdelijk,1,True,72.068965,shortlisted
153,stb-2016-207,tijdelijk,canoniek,human_geaccepteerd,"Besluit van 20 mei 2016, houdende instelling van de Nederlandse Sportraad als adviescollege over het evenementenbeleid op het terrein van sport (Instellingsbesluit Nederlandse Sportraad)",Nederlandse Sportraad - tijdelijk,,False,,missing_from_candidate_pool
154,stb-2025-349,permanent,canoniek,human_geaccepteerd,"Wet van 29 oktober 2025, houdende herstel van wetstechnische gebreken en leemten, alsmede aanbrenging van andere wijzigingen in diverse wetsbepalingen op het terrein van het Ministerie van Klimaat en Groene Groei (Verzamelwet KGG 2026)",Wetenschappelijke Klimaatraad - permanent,,False,,missing_from_candidate_pool
155,stb-2005-9,tijdelijk,canoniek,human_geaccepteerd,Waterstaatswet 1900,Commissie van advies inzake de waterstaatswetgeving - tijdelijk II,2,True,52.0,shortlisted
156,stcrt-2018-12472,eenmalig,canoniek,human_geaccepteerd,"Regeling van de Minister voor Rechtsbescherming en de Staatssecretaris van Binnenlandse Zaken en Koninkrijksrelaties van 27 februari 2018, nr. 2210840, houdende instelling van de Commissie herijking tarieven ambtshandelingen gerechtsdeurwaarders (Instellingsregeling Commissie herijking tarieven ambtshandelingen gerechtsdeurwaarders 2018)",Commissie herijking tarieven ambtshandelingen gerechtsdeurwaarders - II,1,True,95.5,shortlisted
160,stb-2000-495,permanent,canoniek,human_geaccepteerd,Vreemdelingenwet 2000,Adviescommissie voor Vreemdelingenzaken,,False,,missing_from_candidate_pool
